{
  "model_type": "rf",
  "feature_importance": {
    "cms_identity": 0.2463494120209882,
    "has_cms_homolog": 0.22842794304317424,
    "dist_to_nearest_gene": 0.18721529392717054,
    "cms_homolog_score": 0.18415324891834203,
    "n_nearby_5kb": 0.0398349865765401,
    "mw": 0.031795527928353884,
    "length_aa": 0.027335207773658998,
    "n_pos": 0.013205984245636211,
    "n_cys": 0.010628937171802626,
    "gravy": 0.0070773806093425914,
    "n_ser_thr": 0.005358615686009422,
    "n_met": 0.0040401516177500305,
    "aromaticity": 0.003927001942187339,
    "charge": 0.0036113993801967577,
    "has_proximal_boost": 0.0031885274316365985,
    "n_neg": 0.0022751902276078742,
    "nearest_is_proximal": 0.001575191499602584,
    "chimera_entropy": 0.0,
    "chimera_score": 0.0,
    "max_qcov": 0.0,
    "n_chimera_sources": 0.0,
    "total_qcov": 0.0
  },
  "n_training_samples": 178,
  "n_positives": 33,
  "n_negatives": 145,
  "n_features": 22,
  "cv_auc_mean": null,
  "cv_auc_std": null,
  "cv_f1_mean": null,
  "cv_f1_std": null,
  "note": "ML model provides learned feature weights replacing heuristic. AUC metrics are NOT generalizable - positives are from the CMS homology database itself. Real value: calibrated weights learned from data vs arbitrary fixed weights.",
  "honest_assessment": "Model improves upon heuristic scoring by using data-driven weights. CMS prediction inherently relies on homology to known CMS genes, so metrics are circular. Use ML confidence as a ranking signal, not an absolute probability."
}